SWEET,SOUR,NUTTY,TEXTURE,COMMENTS
0.65,0.09,0.98,0.09,Nastly Refreshingly Dark Almond Chews
0.01,0.77,0.71,0.11,Nastly Sour Bitter Peanut Chews
0.42,0.02,0.68,0.65,Good Ivan's Cool Dark Nugat-Filled Wafers
0.05,0.64,0.88,0.81,Billy Bonker's Cheese Cashew Candy Sticks
0.66,0.85,0.57,0.67,Billy Bonker's Tangy Semisweet Chocolate Coated Nonpariels
0.66,0.63,0.95,0.31,Nastly Bittersweet Nut Mints
0.69,0.95,0.4,0.51,Hearsay Sour Dark Chocolate Coated Wafers
0.97,0.86,0.08,0.7,Billy Bonker's Tangy Indulgent Caramel Bar
0.25,0.78,0.41,0.07,Good Ivan's Tart Cheese Chocolate Coated Chews
0.21,0.31,0.82,0.76,Good Ivan's Bitter Nut Candy Sticks
0.63,0.6,0.21,0.18,Good Ivan's Dark Caramel Chews
0.1,0.64,0.92,0.13,Good Ivan's Salted Walnut Chews
0.73,0.74,0.06,0.53,Nastly Sour Honey Chocolate Wafers
0.98,0.98,0.68,0.99,Nastly Tangy Honey Peanut-Butter Lollipops
0.39,0.39,0.69,0.87,Nastly Bittersweet Nugat-Filled Lollipops
0.54,0.76,0.33,0.46,Nastly Tart Bittersweet Peanut-Butter Bar
0.67,0.67,0.15,0.33,Good Ivan's Bittersweet Wintergreen Wafers
0.3,0.08,0.73,0.6,Billy Bonker's Refreshingly Dark Almond Bar
0.58,0.36,0.65,0.18,Nastly Dark Peanut-Butter Fudge
0.61,0.19,0.56,0.43,Good Ivan's Luxurious Bittersweet Chocolate Coated Bar
0.38,0.07,0.98,0.83,Hearsay Luxurious Dark Walnut Jawbreakers
0.71,0.78,0.78,0.44,Billy Bonker's Tart Honey Peanut Bar
0.33,0.44,0.66,0.81,Billy Bonker's Semisweet Chocolate Coated Jawbreakers
0.35,0.24,0.29,0.06,Billy Bonker's Refreshingly Bittersweet Chocolate Fudge
0.03,0.63,0.55,0.33,Billy Bonker's Bitter Nugat-Filled Nonpariels
0.17,0.52,0.91,0.94,Nastly Cheese Walnut Clusters
0.8,0.38,0.32,0.3,Nastly Honey Nugat-Filled Mints
0.5,0.78,0.03,0.45,Good Ivan's Tangy Dark Caramel Wafers
0.28,0.68,0.63,0.57,Hearsay Salted Nugat-Filled Wafers
0.39,0.69,0.18,0.85,Nastly Semisweet Wintergreen Jawbreakers
0.62,0.61,0.75,0.32,Hearsay Bittersweet Almond Mints
0.65,0.19,0.74,0.84,Hearsay Refreshingly Semisweet Cashew Jawbreakers
0.79,1,0.71,0.73,Hearsay Sour Honey Peanut Jawbreakers
0.58,0.23,0.54,0.07,Hearsay Refreshingly Semisweet Peanut-Butter Velvet
0.67,0.21,0.72,0.91,Good Ivan's Luxurious Semisweet Almond Clusters
0.36,0.78,0.92,0.55,Billy Bonker's Sour Dark Almond Nonpariels
0.95,0.87,0,1,Billy Bonker's Tart Sinful Fruit Jawbreakers
0.52,0.96,0.25,0.41,Billy Bonker's Tart Dark Wintergreen Wafers
0.78,0.45,0.35,0.02,Hearsay Honey Chocolate Coated Velvet
0.28,0.96,0.59,0.34,Nastly Sour Cheese Chocolate Coated Mints
0.67,0.14,0.9,0.73,Nastly Luxurious Bittersweet Peanut Jawbreakers
0.7,0.32,0.36,0.54,Billy Bonker's Dark Peanut-Butter Nonpariels
0.62,0.99,0.93,0.43,Nastly Tangy Semisweet Peanut Bar
0.89,0.44,0.3,0.16,Hearsay Indulgent Chocolate Coated Fudge
0.91,0.86,0.13,0.9,Nastly Tangy Sinful Fruit Clusters
0.64,0.62,0.98,0.37,Hearsay Semisweet Nut Nonpariels
0.08,0.93,0.44,0.12,Billy Bonker's Tangy Salted Peanut-Butter Fudge
0.54,0.59,0.08,0.96,Good Ivan's Semisweet Spearmint Lollipops
0.48,0.19,0.8,0.33,Billy Bonker's Luxurious Bittersweet Cashew Bar
0.27,0.86,0.4,0.25,Good Ivan's Tart Salted Chocolate Coated Fudge
0.5,0.71,0.23,0.39,Hearsay Sour Semisweet Spearmint Mints
0.52,0.36,0.86,0.11,Billy Bonker's Bittersweet Nut Fudge
0.7,0.23,0.11,0.09,Good Ivan's Refreshingly Bittersweet Spearmint Fudge
0.1,0.91,0.38,0.53,Billy Bonker's Sour Cheese Chocolate Coated Wafers
0.56,0.6,0.61,0.95,Nastly Dark Chocolate Coated Candy Sticks
0.79,0.29,0.36,0.43,Billy Bonker's Luxurious Honey Nugat-Filled Bar
0.02,0.31,0.68,0.37,Good Ivan's Salted Nugat-Filled Nonpariels
0.15,0.95,0.32,0.03,Hearsay Sour Salted Chocolate Coated Fudge
0.74,0.54,0.08,0.05,Hearsay Indulgent Wintergreen Velvet
0.43,0.79,0.07,0.7,Billy Bonker's Tart Semisweet Caramel Wafers
0.43,0.15,0.03,0.77,Billy Bonker's Luxurious Dark Chocolate Candy Sticks
0.37,0.19,0.6,0.17,Hearsay Refreshingly Dark Nugat-Filled Velvet
0.49,0.7,0.32,0.63,Hearsay Bittersweet Nugat-Filled Nonpariels
0.67,0.46,0.2,0.1,Hearsay Dark Caramel Fudge
0.8,0.9,0.77,0.47,Good Ivan's Tart Sinful Walnut Mints
0.27,0.81,0.32,0.38,Hearsay Sour Cheese Peanut-Butter Bar
0.79,0.57,0.81,0.08,Good Ivan's Indulgent Cashew Velvet
0.92,0.85,0.97,0.69,Good Ivan's Sour Honey Nut Mints
1,0.99,0.7,0.46,Hearsay Sour Honey Peanut-Butter Bar
0.71,0.1,0.38,0.67,Hearsay Luxurious Sinful Peanut-Butter Nonpariels
0.8,0.4,0.32,0.53,Hearsay Indulgent Peanut-Butter Bar
0.32,0.12,0.63,0.68,Hearsay Luxurious Semisweet Peanut-Butter Wafers
0.69,0.71,0.12,0.87,Nastly Tart Semisweet Wintergreen Clusters
0.2,0.21,0.9,0.6,Good Ivan's Cool Salted Walnut Bar
0.94,0.32,0.25,0.35,Hearsay Honey Spearmint Mints
0.18,0.5,0.95,0.67,Billy Bonker's Bitter Cashew Nonpariels
0.87,0.93,0.82,0.54,Hearsay Sour Honey Walnut Bar
0.9,0.99,0.29,0.57,Hearsay Tart Sinful Wintergreen Bar
0.81,0.31,0.92,0.48,Hearsay Sinful Walnut Mints
0.44,0.76,0.07,0.56,Billy Bonker's Tangy Dark Fruit Nonpariels
0.64,0.34,0.29,0.86,Billy Bonker's Bittersweet Wintergreen Clusters
0.18,0.56,0.99,0.83,Good Ivan's Bitter Almond Candy Sticks
0.56,0.13,0.48,0.06,Hearsay Refreshingly Dark Peanut-Butter Velvet
0.97,0.16,0.9,0.87,Hearsay Luxurious Sinful Cashew Lollipops
0.76,0.77,0.17,0.42,Billy Bonker's Sour Honey Wintergreen Mints
0.32,0.84,0.43,0.35,Good Ivan's Sour Bittersweet Chocolate Coated Nonpariels
0.65,0.14,0.39,0.4,Hearsay Luxurious Dark Nugat-Filled Mints
0.97,0.99,0.04,0.72,Nastly Tangy Honey Fruit Lollipops
0.87,0.52,0.3,0.72,Good Ivan's Sinful Peanut-Butter Lollipops
0.54,0.92,0.95,0.47,Good Ivan's Tangy Dark Cashew Mints
0.38,0.9,0.54,0.79,Nastly Tangy Bittersweet Chocolate Coated Clusters
0.39,0.78,0.02,0.47,Billy Bonker's Tart Dark Spearmint Nonpariels
0.35,0.37,0.95,0.8,Hearsay Bittersweet Walnut Lollipops
0.63,0.91,0.93,0.35,Good Ivan's Tangy Bittersweet Almond Mints
0.42,0.79,0.94,0.47,Billy Bonker's Tart Dark Cashew Wafers
0.25,0.86,0.31,0.42,Good Ivan's Tart Bitter Chocolate Coated Wafers
0.74,0.15,0.03,0.21,Hearsay Cool Indulgent Caramel Chews
0.65,0.68,0.65,0.42,Billy Bonker's Semisweet Chocolate Coated Wafers
0.45,0.93,0.47,0.47,Billy Bonker's Tangy Bittersweet Chocolate Coated Mints
0.81,0.43,0.33,0.04,Nastly Honey Peanut-Butter Chews
0.7,0.37,0.31,0.06,Good Ivan's Bittersweet Nugat-Filled Velvet
0.34,0.07,0.45,0.18,Good Ivan's Refreshingly Semisweet Peanut-Butter Chews
0.9,0.17,0.4,0.61,Billy Bonker's Cool Sinful Nugat-Filled Wafers
0.31,0.28,0.67,0.95,Good Ivan's Cool Dark Nugat-Filled Jawbreakers
0.63,0.78,0.97,0.63,Hearsay Sour Dark Peanut Nonpariels
0.07,0.71,0.27,0.28,Nastly Sour Salted Wintergreen Chews
0.87,0.09,0.19,0.76,Nastly Luxurious Indulgent Caramel Clusters
0.25,0.06,0.62,0.26,Hearsay Cool Salted Chocolate Coated Velvet
0.13,0.86,0.67,0.47,Hearsay Tangy Salted Nugat-Filled Wafers
0.77,0.39,0.48,0.53,Hearsay Indulgent Nugat-Filled Mints
0.01,0.68,0.4,0.6,Hearsay Salted Nugat-Filled Mints
0.81,0.2,0.7,0.45,Hearsay Luxurious Honey Peanut-Butter Bar
0.38,0.33,1,0.79,Billy Bonker's Dark Cashew Lollipops
0.69,0.78,0.2,0.46,Nastly Sour Bittersweet Chocolate Nonpariels
0.57,0.65,0.66,0.68,Hearsay Dark Chocolate Coated Wafers
0.96,0.81,0.25,0.93,Hearsay Sour Indulgent Fruit Lollipops
0.21,0.71,0.23,0.84,Nastly Tangy Cheese Caramel Lollipops
0.36,0.99,0.33,0.6,Hearsay Tangy Dark Nugat-Filled Nonpariels
0.07,0.02,0.05,0.75,Nastly Luxurious Cheese Fruit Candy Sticks
0.94,0.31,0.61,0.63,Billy Bonker's Indulgent Peanut-Butter Wafers
0.65,0.25,0.62,0.73,Good Ivan's Refreshingly Bittersweet Chocolate Coated Candy Sticks
0.39,0.07,0.96,0.03,Nastly Luxurious Semisweet Peanut Velvet
0.91,0.79,0,0.99,Billy Bonker's Tart Honey Chocolate Candy Sticks
0.65,0.06,0.39,0.06,Good Ivan's Cool Semisweet Chocolate Coated Chews
0.05,0.17,0.9,0.54,Good Ivan's Cool Salted Almond Mints
0.95,0.56,0.46,0.11,Good Ivan's Sinful Chocolate Coated Fudge
0.48,0.28,0.65,0.33,Billy Bonker's Refreshingly Semisweet Chocolate Coated Mints
0.16,0.63,0.16,0.05,Billy Bonker's Bitter Wintergreen Chews
0.68,0.78,0.28,0.46,Good Ivan's Tangy Semisweet Chocolate Wafers
0.43,0.14,0.2,0.8,Nastly Luxurious Bittersweet Wintergreen Clusters
0.46,0.21,0.2,0.68,Billy Bonker's Cool Semisweet Chocolate Bar
0.82,0.87,0.19,0.92,Hearsay Sour Sinful Spearmint Candy Sticks
0.13,0.36,0.61,0.78,Billy Bonker's Bitter Chocolate Coated Jawbreakers
0.83,0.98,0.38,0.7,Nastly Tangy Indulgent Peanut-Butter Mints
0.79,0.82,0.35,0.83,Hearsay Tangy Sinful Nugat-Filled Clusters
0.54,0.4,0.57,0.89,Billy Bonker's Dark Nugat-Filled Lollipops
0.35,0.51,0.86,0.58,Hearsay Dark Nut Bar
0.6,0.32,0.96,0.77,Good Ivan's Bittersweet Cashew Lollipops
0.05,0.88,0.39,0.25,Hearsay Tangy Salted Nugat-Filled Chews
0.18,0.58,0.17,0.77,Billy Bonker's Salted Wintergreen Jawbreakers
0.04,0.09,0.24,0.04,Nastly Luxurious Salted Spearmint Velvet
0.62,0.24,0.38,0.39,Nastly Luxurious Dark Nugat-Filled Mints
0.95,0.96,0.11,0.62,Nastly Sour Sinful Chocolate Wafers
0.17,0.4,0.26,0.07,Good Ivan's Cheese Wintergreen Chews
0.34,0.47,0.9,0.93,Good Ivan's Semisweet Almond Candy Sticks
0.09,0.94,0.67,0.17,Hearsay Tart Bitter Nugat-Filled Chews
0.5,0.13,0.41,0.77,Good Ivan's Cool Dark Peanut-Butter Clusters
0.91,0.41,0.16,0.38,Billy Bonker's Honey Fruit Wafers
0.7,0.35,0.2,0.06,Nastly Semisweet Wintergreen Velvet
0.08,0.47,0.76,0.06,Good Ivan's Bitter Nut Chews
0.15,0.61,0.96,0.78,Hearsay Bitter Walnut Lollipops
0.86,0.79,0.7,0.31,Nastly Tangy Honey Peanut-Butter Mints
0.8,0.8,0.84,0.5,Nastly Tart Sinful Almond Mints
0.35,0.14,0.83,0.33,Billy Bonker's Refreshingly Dark Cashew Bar
0.93,0.23,0.5,0.23,Billy Bonker's Cool Sinful Nugat-Filled Chews
0.42,0.08,0.89,0.67,Nastly Luxurious Bittersweet Almond Mints
0.66,0.92,0.98,0.58,Nastly Sour Semisweet Cashew Mints
0.42,0.87,0.27,0.64,Nastly Tangy Dark Fruit Wafers
0.93,0.97,0.74,0.32,Nastly Tart Sinful Cashew Mints
0.66,0.85,0.89,0.38,Nastly Tart Semisweet Walnut Wafers
0.22,0.98,0.29,0.25,Good Ivan's Sour Cheese Spearmint Fudge
0.72,0.43,0.68,0.3,Hearsay Indulgent Chocolate Coated Mints
0.51,0.28,1,0.53,Hearsay Refreshingly Semisweet Nut Wafers
0.59,0.3,0.21,0.8,Billy Bonker's Bittersweet Caramel Lollipops
0.61,0.65,0.13,0.96,Nastly Dark Chocolate Lollipops
0.66,0.26,0.76,0.64,Hearsay Luxurious Dark Nut Nonpariels
0.68,0.6,0.84,0.69,Nastly Dark Walnut Wafers
0.73,0.87,0.21,0.96,Good Ivan's Tart Sinful Caramel Clusters
0.84,0.39,0.29,0.7,Billy Bonker's Honey Spearmint Wafers
0.76,0.58,0.5,0.64,Good Ivan's Honey Chocolate Coated Nonpariels
0.41,0.81,0.78,0.35,Hearsay Tangy Semisweet Walnut Mints
0.4,0.46,0.61,0.24,Hearsay Semisweet Peanut-Butter Velvet
0.04,0.17,0.19,0.46,Billy Bonker's Refreshingly Cheese Caramel Wafers
0.54,0.14,0.92,0.29,Hearsay Cool Semisweet Peanut Chews
0.65,0.94,0.19,0.91,Good Ivan's Tart Bittersweet Chocolate Jawbreakers
0.95,0.41,0.1,0.07,Good Ivan's Sinful Fruit Chews
0.83,0.4,0.36,0.02,Good Ivan's Sinful Nugat-Filled Velvet
0.08,0.49,0.12,0.88,Billy Bonker's Salted Fruit Jawbreakers
0.62,0.02,0.32,0.62,Hearsay Luxurious Semisweet Nugat-Filled Mints
0.66,0.74,0.96,0.47,Billy Bonker's Sour Semisweet Nut Mints
0.51,0.7,0.95,0.82,Good Ivan's Dark Peanut Candy Sticks
0.89,0.35,0.03,0.14,Good Ivan's Indulgent Fruit Velvet
0.91,0.98,0.38,0.37,Hearsay Sour Sinful Nugat-Filled Bar
0.37,0.84,0.26,0.44,Hearsay Tart Bittersweet Chocolate Mints
0.81,0.53,0.05,0.39,Hearsay Sinful Spearmint Wafers
0.87,0.46,0.1,0.18,Nastly Sinful Fruit Velvet
0.92,0.93,0.74,0.5,Good Ivan's Sour Sinful Cashew Nonpariels
0.33,0.75,0.44,0.17,Nastly Sour Dark Chocolate Coated Velvet
0.05,0.66,0.54,0.19,Billy Bonker's Cheese Nugat-Filled Chews
0.18,0.34,0.85,0.87,Good Ivan's Salted Nut Jawbreakers
0.25,0.26,0.5,0.69,Good Ivan's Refreshingly Cheese Nugat-Filled Bar
0.83,0.89,0.16,0.5,Good Ivan's Tangy Indulgent Wintergreen Wafers
0.78,0.51,0.03,0.83,Hearsay Sinful Caramel Lollipops
0.42,0.95,0.17,0.47,Billy Bonker's Tangy Semisweet Chocolate Nonpariels
0.71,0.74,0.75,0.45,Hearsay Sour Honey Walnut Mints
0.16,0.59,0.61,0.8,Good Ivan's Bitter Peanut-Butter Clusters
0.49,0.95,0.11,0.14,Hearsay Tangy Dark Spearmint Velvet
0.37,0.67,0.32,0.34,Billy Bonker's Semisweet Nugat-Filled Wafers
0.89,0.4,0.25,0.23,Nastly Honey Chocolate Fudge
0.43,0.31,0.72,0.12,Hearsay Bittersweet Walnut Fudge